Name,Created,Tags
松with学士服,"July 1, 2022 1:04 PM",
光头松在家乡,"July 1, 2022 1:04 PM",
松at图书馆,"July 1, 2022 1:04 PM",
松at图书馆2,"July 1, 2022 1:16 PM",
松with捕头大哥,"July 1, 2022 1:16 PM",
松的合照,"July 1, 2022 1:18 PM",
松at图书馆3,"July 1, 2022 1:18 PM",
黄毛松with外教,"July 1, 2022 1:18 PM",
松with老师,"July 1, 2022 1:22 PM",
松with老师,"July 1, 2022 1:22 PM",
黄毛松（典藏版）,"July 1, 2022 1:23 PM",
松自拍,"July 1, 2022 1:24 PM",
松的采访,"July 1, 2022 2:38 PM",
松醉酒裸照,"July 1, 2022 2:41 PM",
松的身材（刑松）,"July 1, 2022 2:41 PM",
田松的房间,"July 1, 2022 9:07 PM",
华驿中学时期的宿舍,"July 10, 2022 1:49 PM",
松的jio,"July 14, 2022 11:31 AM",
松的手,"July 14, 2022 11:34 AM",
松at图书馆,"July 15, 2022 1:00 AM",
炸毛松,"July 15, 2022 1:30 AM",
松与两个妹妹,"July 17, 2022 1:23 AM",
田松的小脚丫,"July 25, 2022 11:44 AM",
松抽烟,"October 29, 2022 4:42 PM",
处理后版,"October 29, 2022 5:01 PM",
和学长相约出去玩,"June 2, 2023 1:48 PM",
田松的证件照,"January 12, 2024 6:36 PM",
70后80后老了（第一期抖音）,"February 3, 2024 11:55 AM",
创作远胜于打工（第二期抖音）,"February 3, 2024 12:10 PM",
张无忌与乾坤大挪移（抖音第三期）,"February 3, 2024 12:12 PM",
蚂蚁与苍鹰,"February 3, 2024 12:13 PM",
摆烂是种人生智慧,"February 3, 2024 12:13 PM",
田松的创作方向,"February 3, 2024 12:17 PM",
衣锦还乡的松,"February 7, 2024 2:39 PM",
黄毛松,"February 7, 2024 5:00 PM",
黄毛松在桥上,"February 28, 2024 10:14 AM",
被白小飞真实时的影像资料,"February 28, 2024 10:15 AM",
松和师傅郭宇宽,"March 7, 2024 7:00 PM",
衣锦还乡松,"March 18, 2024 6:15 PM",
与交大北京校友会秘书长,"June 13, 2025 1:33 AM",
田松的狱卒,"June 13, 2025 1:36 AM",
假发松,"August 17, 2025 10:02 PM",