Name,Date,album
大作家,"April 15, 2022",美丽的山村
菜园,"April 14, 2022",美丽的山村
艺术家,"April 13, 2022",美丽的山村
牛场主跟他儿子,"April 10, 2022",美丽的山村
捡菌子,"April 9, 2022",美丽的山村
踩河蚌,"April 7, 2022",美丽的山村
迁坟,"April 6, 2022",美丽的山村
土鸡蛋,"April 4, 2022",美丽的山村
土地流传,"April 3, 2022",美丽的山村
养兔兔,"April 2, 2022",美丽的山村
我曾抓到野鸡,"March 31, 2022",美丽的山村
野猪肉,"March 30, 2022",美丽的山村
小农意识,"March 29, 2022",美丽的山村
在省城生活,"March 25, 2022",美丽的山村
领头羊,"March 21, 2022",美丽的山村
珍珠与沙粒（编者名）,"March 21, 2022",美丽的山村
结束,"March 16, 2022",美丽的山村
照坟灯,"March 16, 2022",美丽的山村
邻村的婚恋,"March 15, 2022",美丽的山村