Name,Created,Date,Tags
平淡是真,"July 16, 2022 4:33 PM",2022/07/13,
长出翅膀,"July 16, 2022 4:33 PM",2022/07/13,
黄昏色天空下,"July 16, 2022 4:33 PM",2022/07/12,
未来,"July 16, 2022 4:33 PM",2022/07/11,
拍一拍,"July 16, 2022 4:33 PM",2022/07/10,
滋味,"July 16, 2022 4:33 PM",2022/07/09,
横竖不亏,"July 16, 2022 4:33 PM",2022/07/08,
唱歌给你听,"July 16, 2022 4:33 PM",2022/07/07,
花开天涯,"July 16, 2022 4:33 PM",2022/07/06,
走几步,"July 16, 2022 4:33 PM",2022/07/05 7:35 AM (GMT+8),
买早餐,"July 16, 2022 4:33 PM",2022/07/04,
在跟前起舞,"July 16, 2022 4:33 PM",2022/07/03 11:40 AM (GMT+8),
诉衷情,"July 16, 2022 4:33 PM",2022/07/02 10:50 AM (GMT+8),
尊重生命的选择,"July 16, 2022 4:33 PM",2022/06/30 10:54 PM (GMT+8),
常见的桥段,"July 16, 2022 4:33 PM",2022/06/29 10:42 PM (GMT+8),
熬到黎明,"July 16, 2022 4:33 PM",2022/06/27 7:48 AM (GMT+8),
现实,"July 16, 2022 4:33 PM",2022/06/26,
努力争取,"July 16, 2022 4:33 PM",2022/06/24,
那个她,"July 16, 2022 4:33 PM",2022/06/23,
爱的早餐,"July 16, 2022 4:33 PM",2022/06/22,
甜蜜蜜,"July 16, 2022 4:33 PM",2022/06/21,
追姑娘,"July 16, 2022 4:33 PM",2022/06/20,
相思意,"July 16, 2022 4:33 PM",2022/06/19,
散文诗,"July 16, 2022 4:33 PM",2022/06/18,
诗经·黔风·子美,"July 16, 2022 4:33 PM",2022/06/17,
诗经·黔风·子美,"July 16, 2022 4:33 PM",2022/06/17,
女友,"July 16, 2022 4:33 PM",2022/06/17,
图书馆,"July 16, 2022 4:33 PM",2022/06/16,
烦恼,"July 16, 2022 4:33 PM",2022/06/15,
相逢,"July 16, 2022 4:33 PM",2022/06/14,
路边痴想,"July 16, 2022 4:33 PM",2022/06/13,
很想你,"July 16, 2022 4:33 PM",2022/06/12,
夜风在歌唱,"July 16, 2022 4:33 PM",2022/06/11,
且以诗名,"July 16, 2022 4:33 PM",2022/06/10,
内卷之王,"July 16, 2022 4:33 PM",2022/06/09,
走在月光下,"July 16, 2022 4:33 PM",2022/06/08,
退出,"July 16, 2022 4:33 PM",2022/06/07,
绝处逢生,"July 16, 2022 4:33 PM",2022/06/06,
好想你,"July 16, 2022 4:33 PM",2022/06/04,
酒醒何处,"July 16, 2022 4:33 PM",2022/06/03,
捎信,"July 16, 2022 4:33 PM",2022/06/02,
应有的意义,"July 16, 2022 4:33 PM",2022/06/01,
正常人,"July 16, 2022 4:33 PM",2022/05/31,
寝室,"July 16, 2022 4:33 PM",2022/05/30,
断句,"July 16, 2022 4:33 PM",2022/05/29,
办公室,"July 16, 2022 4:33 PM",2022/05/28,
狡辩,"July 16, 2022 4:33 PM",2022/05/26,
唱山歌,"July 16, 2022 4:33 PM",2022/05/25,
当诗来读,"July 16, 2022 4:33 PM",2022/05/24,
先有面包,"July 16, 2022 4:33 PM",2022/05/23,
苦头儿,"July 16, 2022 4:33 PM",2022/05/22,
挫折,"July 16, 2022 4:33 PM",2022/05/21,
梧桐树下,"July 16, 2022 4:33 PM",2022/05/20,
校园霸凌,"July 16, 2022 4:33 PM",2022/05/19,
大计基,"July 16, 2022 4:33 PM",2022/05/18,
半句嫌多,"July 16, 2022 4:33 PM",2022/05/17,
学鲶鱼啃咬花草,"July 16, 2022 4:33 PM",2022/05/16,
乡下人在省城,"July 16, 2022 4:33 PM",2022/05/15,
洗牌,"July 16, 2022 4:33 PM",2022/05/14,
学笋做竹,"July 16, 2022 4:33 PM",2022/05/13,
盖高楼,"July 16, 2022 4:33 PM",2022/05/11,
傻逼,"July 16, 2022 4:33 PM",2022/05/10,
修心,"July 16, 2022 4:33 PM",2022/05/09,
好色有品,"July 16, 2022 4:33 PM",2022/05/08,
求爱,"July 16, 2022 4:33 PM",2022/05/07,
打工人,"July 16, 2022 4:33 PM",2022/05/06,
纯洁,"July 16, 2022 4:33 PM",2022/05/05,
时间把它香醇,"July 16, 2022 4:33 PM",2022/05/04,
老鼠,"July 16, 2022 4:33 PM",2022/05/04,
春梦,"July 16, 2022 4:33 PM",2022/05/03,
诉衷情,"July 16, 2022 4:33 PM",2022/05/02,
遗憾,"July 16, 2022 4:33 PM",2022/05/01,
劳碌命,"July 16, 2022 4:33 PM",2022/04/30,
小说,"July 16, 2022 4:33 PM",2022/04/29,
耀眼的阳光,"July 16, 2022 4:33 PM",2022/04/28,
语言,"July 16, 2022 4:33 PM",2022/04/27,
骑驴看马,"July 16, 2022 4:33 PM",2022/04/25,
出彩,"July 16, 2022 4:33 PM",2022/04/24,
护城河,"July 16, 2022 4:33 PM",2022/04/23,
奔跑,"July 16, 2022 4:33 PM",2022/04/21,
磨炼,"July 16, 2022 4:33 PM",2022/04/20,
胜天半子,"July 16, 2022 4:33 PM",2022/04/19,
正常人,"July 16, 2022 4:33 PM",2022/04/18,
原则,"July 16, 2022 4:33 PM",2022/04/17,
菜市场,"July 16, 2022 4:33 PM",2022/04/16,
不朽,"July 16, 2022 4:33 PM",2022/04/15,
大街上,"July 16, 2022 4:33 PM",2022/04/14,
筵席,"July 16, 2022 4:33 PM",2022/04/13,
残损的手掌,"July 16, 2022 4:33 PM",2022/04/12,
硬着头皮,"July 16, 2022 4:33 PM",2022/04/11,
安安静静,"July 16, 2022 4:33 PM",2022/04/10,
乌龟样,"July 16, 2022 4:33 PM",2022/04/09,
谋生,"July 16, 2022 4:33 PM",2022/04/08,
我要秃了,"July 16, 2022 4:33 PM",2022/04/07,
矛盾,"July 16, 2022 4:33 PM",2022/04/06,
致青春,"July 16, 2022 4:33 PM",2022/04/05,
无我之境,"July 16, 2022 4:33 PM",2022/04/04,
伤逝,"July 16, 2022 4:33 PM",2022/04/03,
万物皆空,"July 16, 2022 4:33 PM",2022/04/02,
落雨,"July 16, 2022 4:33 PM",2022/04/01,
希望,"July 16, 2022 4:33 PM",2022/03/31,
老农民,"July 16, 2022 4:33 PM",2022/03/30,
画圆,"July 16, 2022 4:33 PM",2022/03/29,
夜未央,"July 16, 2022 4:33 PM",2022/03/28,
命运之舟,"July 16, 2022 4:33 PM",2022/03/27,
野草,"July 16, 2022 4:33 PM",2022/03/26,
思无邪,"July 16, 2022 4:33 PM",2022/03/25,
有点儿灰心,"July 16, 2022 4:33 PM",2022/03/24,
搭建桥梁,"July 16, 2022 4:33 PM",2022/03/23,
忽然成熟了,"July 16, 2022 4:33 PM",2022/03/22,
采薇啊采薇,"July 16, 2022 4:33 PM",2022/03/21,
射箭,"July 16, 2022 4:33 PM",2022/03/20,
一辈子,"July 16, 2022 4:33 PM",2022/03/19,
诗风雅颂,"July 16, 2022 4:33 PM",2022/03/17,
书写那片土地,"July 16, 2022 4:33 PM",2022/03/15,
就写这样的诗,"July 16, 2022 4:33 PM",2022/03/14,
谎言大师,"July 16, 2022 4:33 PM",2022/03/13,
人性的枷锁,"July 16, 2022 4:33 PM",2022/03/12,
相由心生,"July 16, 2022 4:33 PM",2022/03/11,
写情书比较麻烦,"July 16, 2022 4:33 PM",2022/03/10,
文学的人生,"July 16, 2022 4:33 PM",2022/03/07,
抒情诗,"July 16, 2022 4:33 PM",2022/03/04,
姑娘啊,"July 16, 2022 4:33 PM",2021/12/16,
红豆,"July 16, 2022 4:33 PM",2021/06/06,
苦涩的青春,"July 16, 2022 4:33 PM",2021/06/05,
在你身后,"July 16, 2022 4:33 PM",2021/06/05,
大女神,"July 16, 2022 4:33 PM",2021/05/31,
爱情,"July 16, 2022 4:33 PM",2021/05/26,
献礼,"July 16, 2022 4:33 PM",2021/05/23,
害羞,"July 16, 2022 4:33 PM",2021/04/02,
哥哥啊，我的哥哥,"July 16, 2022 4:33 PM",2020/12/27,
我的尿滋出春天来,"July 16, 2022 4:33 PM",2020/02/27,
我要做冠军,"July 16, 2022 4:33 PM",,
造化,"July 16, 2022 4:33 PM",,
泡妞,"July 16, 2022 4:33 PM",,